-- =====================================================================
-- Interview 12.1 - Salmon Allocation : SEED DATA (PostgreSQL)
-- Wrapped in a transaction.
--
-- UUID scheme: 00000000-0000-0000-{table}-{row}
--   table slot  0001 = order_types   0002 = items       0003 = customers
--               0004 = suppliers     0005 = warehouses  0006 = prices
--               0007 = inventory     0008 = orders      0009 = sub_orders
--
-- [SAMPLE]   = taken from the Example Data image
-- [INVENTED] = not in the image; chosen so allocation constraints bite
-- =====================================================================

BEGIN;

-- ---- order_types  (= Price Tier) ------------------------------------
INSERT INTO order_types (id, code, name, priority, percentage) VALUES
  ('00000000-0000-0000-0001-000000000001', 'EMERGENCY', 'Emergency', 1, 125.00),  -- [SAMPLE]
  ('00000000-0000-0000-0001-000000000002', 'OVER_DUE',  'Overdue',   2, 100.00),  -- [SAMPLE]
  ('00000000-0000-0000-0001-000000000003', 'DAILY',     'Daily',     3,  90.00);  -- [SAMPLE]

-- ---- items ----------------------------------------------------------
INSERT INTO items (id, code, name, unit) VALUES
  ('00000000-0000-0000-0002-000000000001', 'Item-1', 'Salmon grade A', 'kg'),     -- [SAMPLE]
  ('00000000-0000-0000-0002-000000000002', 'Item-2', 'Salmon grade B', 'kg');     -- [SAMPLE]

-- ---- customers ------------------------------------------------------
-- credit_limit [INVENTED]; CT-0002 is tight to exercise the credit cap
INSERT INTO customers (id, code, name, credit_limit) VALUES
  ('00000000-0000-0000-0003-000000000001', 'CT-0001', 'Customer 0001',       50000.00),  -- [SAMPLE]
  ('00000000-0000-0000-0003-000000000002', 'CT-0002', 'Customer 0002 (VIP)', 30000.00);  -- [SAMPLE]

-- ---- suppliers  (SP-000 = wildcard) ---------------------------------
INSERT INTO suppliers (id, code, name, is_wildcard) VALUES
  ('00000000-0000-0000-0004-000000000001', 'SP-000', 'Any supplier (wildcard)', true),   -- [SAMPLE]
  ('00000000-0000-0000-0004-000000000002', 'SP-001', 'Supplier 001',            false),  -- [SAMPLE]
  ('00000000-0000-0000-0004-000000000003', 'SP-002', 'Supplier 002',            false);  -- [SAMPLE]

-- ---- warehouses  (WH-000 = wildcard) --------------------------------
INSERT INTO warehouses (id, code, name, is_wildcard) VALUES
  ('00000000-0000-0000-0005-000000000001', 'WH-000', 'Any warehouse (wildcard)', true),  -- [SAMPLE]
  ('00000000-0000-0000-0005-000000000002', 'WH-001', 'Warehouse 001',            false), -- [SAMPLE]
  ('00000000-0000-0000-0005-000000000003', 'WH-002', 'Warehouse 002',            false); -- [SAMPLE]

-- ---- prices ---------------------------------------------------------
-- NULL order_type_id = base price (× percentage at runtime)
-- non-NULL order_type_id = explicit override for that tier
INSERT INTO prices (id, item_id, supplier_id, order_type_id, unit_price) VALUES
  -- base prices [INVENTED except where noted]
  ('00000000-0000-0000-0006-000000000001',
    '00000000-0000-0000-0002-000000000001',  -- Item-1
    '00000000-0000-0000-0004-000000000002',  -- SP-001
    NULL, 99.75),   -- base (= sample OVER_DUE / 100%)

  ('00000000-0000-0000-0006-000000000002',
    '00000000-0000-0000-0002-000000000001',  -- Item-1
    '00000000-0000-0000-0004-000000000003',  -- SP-002
    NULL, 110.00),

  ('00000000-0000-0000-0006-000000000003',
    '00000000-0000-0000-0002-000000000002',  -- Item-2
    '00000000-0000-0000-0004-000000000002',  -- SP-001
    NULL, 85.00),

  ('00000000-0000-0000-0006-000000000004',
    '00000000-0000-0000-0002-000000000002',  -- Item-2
    '00000000-0000-0000-0004-000000000003',  -- SP-002
    NULL, 90.00),

  -- explicit tier overrides [SAMPLE]
  ('00000000-0000-0000-0006-000000000005',
    '00000000-0000-0000-0002-000000000001',  -- Item-1
    '00000000-0000-0000-0004-000000000002',  -- SP-001
    '00000000-0000-0000-0001-000000000001',  -- EMERGENCY
    123.49),

  ('00000000-0000-0000-0006-000000000006',
    '00000000-0000-0000-0002-000000000001',  -- Item-1
    '00000000-0000-0000-0004-000000000002',  -- SP-001
    '00000000-0000-0000-0001-000000000002',  -- OVER_DUE
    99.75);

-- ---- inventory  (remaining stock per supplier+warehouse+item) -------
-- [INVENTED]. SP-002/WH-001/Item-1 = 200 vs a 300 request -> partial fill.
INSERT INTO inventory (id, supplier_id, warehouse_id, item_id, remaining_quantity) VALUES
  ('00000000-0000-0000-0007-000000000001',
    '00000000-0000-0000-0004-000000000002', '00000000-0000-0000-0005-000000000002',  -- SP-001 WH-001
    '00000000-0000-0000-0002-000000000001',  50.00),  -- Item-1

  ('00000000-0000-0000-0007-000000000002',
    '00000000-0000-0000-0004-000000000002', '00000000-0000-0000-0005-000000000003',  -- SP-001 WH-002
    '00000000-0000-0000-0002-000000000001',  30.00),  -- Item-1

  ('00000000-0000-0000-0007-000000000003',
    '00000000-0000-0000-0004-000000000003', '00000000-0000-0000-0005-000000000002',  -- SP-002 WH-001
    '00000000-0000-0000-0002-000000000001', 200.00),  -- Item-1 (shortage scenario)

  ('00000000-0000-0000-0007-000000000004',
    '00000000-0000-0000-0004-000000000003', '00000000-0000-0000-0005-000000000003',  -- SP-002 WH-002
    '00000000-0000-0000-0002-000000000001', 120.00),  -- Item-1

  ('00000000-0000-0000-0007-000000000005',
    '00000000-0000-0000-0004-000000000002', '00000000-0000-0000-0005-000000000002',  -- SP-001 WH-001
    '00000000-0000-0000-0002-000000000002',  40.00),  -- Item-2

  ('00000000-0000-0000-0007-000000000006',
    '00000000-0000-0000-0004-000000000002', '00000000-0000-0000-0005-000000000003',  -- SP-001 WH-002
    '00000000-0000-0000-0002-000000000002',  60.00),  -- Item-2

  ('00000000-0000-0000-0007-000000000007',
    '00000000-0000-0000-0004-000000000003', '00000000-0000-0000-0005-000000000002',  -- SP-002 WH-001
    '00000000-0000-0000-0002-000000000002',  25.00),  -- Item-2

  ('00000000-0000-0000-0007-000000000008',
    '00000000-0000-0000-0004-000000000003', '00000000-0000-0000-0005-000000000003',  -- SP-002 WH-002
    '00000000-0000-0000-0002-000000000002',  80.00);  -- Item-2

-- ---- orders (header) ------------------------------------------------
INSERT INTO orders (id, code, customer_id, remark) VALUES
  ('00000000-0000-0000-0008-000000000001', 'ORDER-0001',
    '00000000-0000-0000-0003-000000000001', NULL),               -- [SAMPLE]
  ('00000000-0000-0000-0008-000000000002', 'ORDER-0002',
    '00000000-0000-0000-0003-000000000002', 'Special for VIP');  -- [SAMPLE]

-- ---- sub_orders (lines) ---------------------------------------------
INSERT INTO sub_orders
  (id, code, order_id, item_id, warehouse_id, supplier_id, request_quantity, order_type_id, create_date, status)
VALUES
  ('00000000-0000-0000-0009-000000000001', 'ORDER-0001-001',
    '00000000-0000-0000-0008-000000000001',  -- ORDER-0001
    '00000000-0000-0000-0002-000000000001',  -- Item-1
    '00000000-0000-0000-0005-000000000002',  -- WH-001
    '00000000-0000-0000-0004-000000000002',  -- SP-001
    11.00,
    '00000000-0000-0000-0001-000000000003',  -- DAILY
    '2025-01-01', 'pending'),  -- [SAMPLE]

  ('00000000-0000-0000-0009-000000000002', 'ORDER-0001-002',
    '00000000-0000-0000-0008-000000000001',  -- ORDER-0001
    '00000000-0000-0000-0002-000000000002',  -- Item-2
    '00000000-0000-0000-0005-000000000003',  -- WH-002
    '00000000-0000-0000-0004-000000000001',  -- SP-000 (wildcard)
    20.00,
    '00000000-0000-0000-0001-000000000003',  -- DAILY
    '2025-01-01', 'pending'),  -- [SAMPLE]

  ('00000000-0000-0000-0009-000000000003', 'ORDER-0002-001',
    '00000000-0000-0000-0008-000000000002',  -- ORDER-0002
    '00000000-0000-0000-0002-000000000001',  -- Item-1
    '00000000-0000-0000-0005-000000000002',  -- WH-001
    '00000000-0000-0000-0004-000000000003',  -- SP-002
    300.00,
    '00000000-0000-0000-0001-000000000001',  -- EMERGENCY
    '2025-03-01', 'pending'),  -- [SAMPLE]

  ('00000000-0000-0000-0009-000000000004', 'ORDER-0002-002',
    '00000000-0000-0000-0008-000000000002',  -- ORDER-0002
    '00000000-0000-0000-0002-000000000002',  -- Item-2
    '00000000-0000-0000-0005-000000000001',  -- WH-000 (wildcard)
    '00000000-0000-0000-0004-000000000001',  -- SP-000 (wildcard)
    100.00,
    '00000000-0000-0000-0001-000000000001',  -- EMERGENCY
    '2025-03-01', 'pending');  -- [SAMPLE]

-- allocations is intentionally empty: it is OUTPUT of the allocation logic

COMMIT;
