-- =====================================================================
-- Interview 12.1 - Salmon Allocation : EXTENDED SEED DATA (PostgreSQL)
-- Adds more items, customers, suppliers, warehouses, prices, inventory,
-- orders, sub_orders and sample allocations for richer UI testing.
--
-- UUID scheme (same as 02_seed.sql):
--   00000000-0000-0000-{table}-{row}
--   table slot  0002 = items       0003 = customers   0004 = suppliers
--               0005 = warehouses  0006 = prices      0007 = inventory
--               0008 = orders      0009 = sub_orders  0010 = allocations
--
-- Rows continue from where 02_seed.sql left off:
--   items 3+, customers 3+, suppliers 4+, warehouses 4+,
--   prices 7+, inventory 9+, orders 3+, sub_orders 5+
-- =====================================================================

BEGIN;

-- ---- items (new) -----------------------------------------------------
INSERT INTO items (id, code, name, unit, created_at, updated_at, created_by, updated_by, is_deleted) VALUES
  ('00000000-0000-0000-0002-000000000003', 'Item-3', 'Salmon grade C',        'kg', NOW(), NOW(), 'system', 'system', FALSE),
  ('00000000-0000-0000-0002-000000000004', 'Item-4', 'Salmon fillet skinless', 'kg', NOW(), NOW(), 'system', 'system', FALSE),
  ('00000000-0000-0000-0002-000000000005', 'Item-5', 'Tuna grade A',           'kg', NOW(), NOW(), 'system', 'system', FALSE);

-- ---- customers (new) -------------------------------------------------
INSERT INTO customers (id, code, name, credit_limit, created_at, updated_at, created_by, updated_by, is_deleted) VALUES
  ('00000000-0000-0000-0003-000000000003', 'CT-0003', 'Customer 0003 (Wholesale)', 100000.00, NOW(), NOW(), 'system', 'system', FALSE),
  ('00000000-0000-0000-0003-000000000004', 'CT-0004', 'Customer 0004 (Restaurant)',  20000.00, NOW(), NOW(), 'system', 'system', FALSE),
  ('00000000-0000-0000-0003-000000000005', 'CT-0005', 'Customer 0005 (Export)',     200000.00, NOW(), NOW(), 'system', 'system', FALSE),
  ('00000000-0000-0000-0003-000000000006', 'CT-0006', 'Customer 0006 (Retail)',      12000.00, NOW(), NOW(), 'system', 'system', FALSE);

-- ---- suppliers (new) -------------------------------------------------
INSERT INTO suppliers (id, code, name, is_wildcard, created_at, updated_at, created_by, updated_by, is_deleted) VALUES
  ('00000000-0000-0000-0004-000000000004', 'SP-003', 'Supplier 003', FALSE, NOW(), NOW(), 'system', 'system', FALSE),
  ('00000000-0000-0000-0004-000000000005', 'SP-004', 'Supplier 004', FALSE, NOW(), NOW(), 'system', 'system', FALSE),
  ('00000000-0000-0000-0004-000000000006', 'SP-005', 'Supplier 005', FALSE, NOW(), NOW(), 'system', 'system', FALSE);

-- ---- warehouses (new) ------------------------------------------------
INSERT INTO warehouses (id, code, name, is_wildcard, created_at, updated_at, created_by, updated_by, is_deleted) VALUES
  ('00000000-0000-0000-0005-000000000004', 'WH-003', 'Warehouse 003', FALSE, NOW(), NOW(), 'system', 'system', FALSE),
  ('00000000-0000-0000-0005-000000000005', 'WH-004', 'Warehouse 004', FALSE, NOW(), NOW(), 'system', 'system', FALSE);

-- ---- prices (new) ---------------------------------------------------
-- Item-3 base prices
INSERT INTO prices (id, item_id, supplier_id, order_type_id, unit_price) VALUES
  ('00000000-0000-0000-0006-000000000007',
    '00000000-0000-0000-0002-000000000003', '00000000-0000-0000-0004-000000000002', NULL, 75.00),  -- Item-3 / SP-001 base
  ('00000000-0000-0000-0006-000000000008',
    '00000000-0000-0000-0002-000000000003', '00000000-0000-0000-0004-000000000003', NULL, 78.00),  -- Item-3 / SP-002 base
  ('00000000-0000-0000-0006-000000000009',
    '00000000-0000-0000-0002-000000000003', '00000000-0000-0000-0004-000000000004', NULL, 72.00),  -- Item-3 / SP-003 base
  -- Item-3 tier overrides
  ('00000000-0000-0000-0006-000000000010',
    '00000000-0000-0000-0002-000000000003', '00000000-0000-0000-0004-000000000002',
    '00000000-0000-0000-0001-000000000001', 93.75),   -- Item-3 / SP-001 / EMERGENCY
  ('00000000-0000-0000-0006-000000000011',
    '00000000-0000-0000-0002-000000000003', '00000000-0000-0000-0004-000000000004',
    '00000000-0000-0000-0001-000000000002', 72.00),   -- Item-3 / SP-003 / OVER_DUE

  -- Item-4 base prices
  ('00000000-0000-0000-0006-000000000012',
    '00000000-0000-0000-0002-000000000004', '00000000-0000-0000-0004-000000000002', NULL, 150.00), -- Item-4 / SP-001 base
  ('00000000-0000-0000-0006-000000000013',
    '00000000-0000-0000-0002-000000000004', '00000000-0000-0000-0004-000000000004', NULL, 148.00), -- Item-4 / SP-003 base
  ('00000000-0000-0000-0006-000000000014',
    '00000000-0000-0000-0002-000000000004', '00000000-0000-0000-0004-000000000005', NULL, 142.00), -- Item-4 / SP-004 base
  -- Item-4 tier overrides
  ('00000000-0000-0000-0006-000000000015',
    '00000000-0000-0000-0002-000000000004', '00000000-0000-0000-0004-000000000002',
    '00000000-0000-0000-0001-000000000001', 187.50),  -- Item-4 / SP-001 / EMERGENCY
  ('00000000-0000-0000-0006-000000000016',
    '00000000-0000-0000-0002-000000000004', '00000000-0000-0000-0004-000000000005',
    '00000000-0000-0000-0001-000000000002', 142.00),  -- Item-4 / SP-004 / OVER_DUE

  -- Item-5 base prices
  ('00000000-0000-0000-0006-000000000017',
    '00000000-0000-0000-0002-000000000005', '00000000-0000-0000-0004-000000000003', NULL, 200.00), -- Item-5 / SP-002 base
  ('00000000-0000-0000-0006-000000000018',
    '00000000-0000-0000-0002-000000000005', '00000000-0000-0000-0004-000000000005', NULL, 195.00), -- Item-5 / SP-004 base
  ('00000000-0000-0000-0006-000000000019',
    '00000000-0000-0000-0002-000000000005', '00000000-0000-0000-0004-000000000006', NULL, 188.00), -- Item-5 / SP-005 base
  -- Item-5 tier overrides
  ('00000000-0000-0000-0006-000000000020',
    '00000000-0000-0000-0002-000000000005', '00000000-0000-0000-0004-000000000003',
    '00000000-0000-0000-0001-000000000001', 250.00),  -- Item-5 / SP-002 / EMERGENCY
  ('00000000-0000-0000-0006-000000000021',
    '00000000-0000-0000-0002-000000000005', '00000000-0000-0000-0004-000000000006',
    '00000000-0000-0000-0001-000000000003', 169.20),  -- Item-5 / SP-005 / DAILY

  -- New supplier base prices for existing Item-1 and Item-2
  ('00000000-0000-0000-0006-000000000022',
    '00000000-0000-0000-0002-000000000001', '00000000-0000-0000-0004-000000000004', NULL, 95.00),  -- Item-1 / SP-003 base
  ('00000000-0000-0000-0006-000000000023',
    '00000000-0000-0000-0002-000000000001', '00000000-0000-0000-0004-000000000005', NULL, 102.00), -- Item-1 / SP-004 base
  ('00000000-0000-0000-0006-000000000024',
    '00000000-0000-0000-0002-000000000002', '00000000-0000-0000-0004-000000000004', NULL, 80.00),  -- Item-2 / SP-003 base
  ('00000000-0000-0000-0006-000000000025',
    '00000000-0000-0000-0002-000000000002', '00000000-0000-0000-0004-000000000005', NULL, 88.00),  -- Item-2 / SP-004 base
  ('00000000-0000-0000-0006-000000000026',
    '00000000-0000-0000-0002-000000000002', '00000000-0000-0000-0004-000000000006', NULL, 82.00);  -- Item-2 / SP-005 base

-- ---- inventory (new) ------------------------------------------------
-- New suppliers at existing warehouses (Item-1 and Item-2)
INSERT INTO inventory (id, supplier_id, warehouse_id, item_id, remaining_quantity, created_at, updated_at, created_by, updated_by, is_deleted) VALUES
  ('00000000-0000-0000-0007-000000000009',
    '00000000-0000-0000-0004-000000000004', '00000000-0000-0000-0005-000000000002',  -- SP-003 WH-001
    '00000000-0000-0000-0002-000000000001', 150.00, NOW(), NOW(), 'system', 'system', FALSE),  -- Item-1
  ('00000000-0000-0000-0007-000000000010',
    '00000000-0000-0000-0004-000000000004', '00000000-0000-0000-0005-000000000003',  -- SP-003 WH-002
    '00000000-0000-0000-0002-000000000001', 100.00, NOW(), NOW(), 'system', 'system', FALSE),  -- Item-1
  ('00000000-0000-0000-0007-000000000011',
    '00000000-0000-0000-0004-000000000004', '00000000-0000-0000-0005-000000000004',  -- SP-003 WH-003
    '00000000-0000-0000-0002-000000000001', 250.00, NOW(), NOW(), 'system', 'system', FALSE),  -- Item-1
  ('00000000-0000-0000-0007-000000000012',
    '00000000-0000-0000-0004-000000000005', '00000000-0000-0000-0005-000000000002',  -- SP-004 WH-001
    '00000000-0000-0000-0002-000000000001',  80.00, NOW(), NOW(), 'system', 'system', FALSE),  -- Item-1
  ('00000000-0000-0000-0007-000000000013',
    '00000000-0000-0000-0004-000000000005', '00000000-0000-0000-0005-000000000004',  -- SP-004 WH-003
    '00000000-0000-0000-0002-000000000001', 200.00, NOW(), NOW(), 'system', 'system', FALSE),  -- Item-1
  ('00000000-0000-0000-0007-000000000014',
    '00000000-0000-0000-0004-000000000006', '00000000-0000-0000-0005-000000000003',  -- SP-005 WH-002
    '00000000-0000-0000-0002-000000000001',  60.00, NOW(), NOW(), 'system', 'system', FALSE),  -- Item-1
  ('00000000-0000-0000-0007-000000000015',
    '00000000-0000-0000-0004-000000000006', '00000000-0000-0000-0005-000000000005',  -- SP-005 WH-004
    '00000000-0000-0000-0002-000000000001', 180.00, NOW(), NOW(), 'system', 'system', FALSE),  -- Item-1

  ('00000000-0000-0000-0007-000000000016',
    '00000000-0000-0000-0004-000000000004', '00000000-0000-0000-0005-000000000002',  -- SP-003 WH-001
    '00000000-0000-0000-0002-000000000002',  90.00, NOW(), NOW(), 'system', 'system', FALSE),  -- Item-2
  ('00000000-0000-0000-0007-000000000017',
    '00000000-0000-0000-0004-000000000004', '00000000-0000-0000-0005-000000000004',  -- SP-003 WH-003
    '00000000-0000-0000-0002-000000000002', 150.00, NOW(), NOW(), 'system', 'system', FALSE),  -- Item-2
  ('00000000-0000-0000-0007-000000000018',
    '00000000-0000-0000-0004-000000000005', '00000000-0000-0000-0005-000000000003',  -- SP-004 WH-002
    '00000000-0000-0000-0002-000000000002',  45.00, NOW(), NOW(), 'system', 'system', FALSE),  -- Item-2
  ('00000000-0000-0000-0007-000000000019',
    '00000000-0000-0000-0004-000000000006', '00000000-0000-0000-0005-000000000002',  -- SP-005 WH-001
    '00000000-0000-0000-0002-000000000002', 120.00, NOW(), NOW(), 'system', 'system', FALSE),  -- Item-2

  -- New Item-3 inventory
  ('00000000-0000-0000-0007-000000000020',
    '00000000-0000-0000-0004-000000000002', '00000000-0000-0000-0005-000000000002',  -- SP-001 WH-001
    '00000000-0000-0000-0002-000000000003',  75.00, NOW(), NOW(), 'system', 'system', FALSE),  -- Item-3
  ('00000000-0000-0000-0007-000000000021',
    '00000000-0000-0000-0004-000000000002', '00000000-0000-0000-0005-000000000004',  -- SP-001 WH-003
    '00000000-0000-0000-0002-000000000003', 200.00, NOW(), NOW(), 'system', 'system', FALSE),  -- Item-3
  ('00000000-0000-0000-0007-000000000022',
    '00000000-0000-0000-0004-000000000003', '00000000-0000-0000-0005-000000000003',  -- SP-002 WH-002
    '00000000-0000-0000-0002-000000000003', 150.00, NOW(), NOW(), 'system', 'system', FALSE),  -- Item-3
  ('00000000-0000-0000-0007-000000000023',
    '00000000-0000-0000-0004-000000000003', '00000000-0000-0000-0005-000000000005',  -- SP-002 WH-004
    '00000000-0000-0000-0002-000000000003', 100.00, NOW(), NOW(), 'system', 'system', FALSE),  -- Item-3
  ('00000000-0000-0000-0007-000000000024',
    '00000000-0000-0000-0004-000000000004', '00000000-0000-0000-0005-000000000002',  -- SP-003 WH-001
    '00000000-0000-0000-0002-000000000003', 300.00, NOW(), NOW(), 'system', 'system', FALSE),  -- Item-3
  ('00000000-0000-0000-0007-000000000025',
    '00000000-0000-0000-0004-000000000004', '00000000-0000-0000-0005-000000000004',  -- SP-003 WH-003
    '00000000-0000-0000-0002-000000000003', 250.00, NOW(), NOW(), 'system', 'system', FALSE),  -- Item-3

  -- New Item-4 inventory
  ('00000000-0000-0000-0007-000000000026',
    '00000000-0000-0000-0004-000000000002', '00000000-0000-0000-0005-000000000002',  -- SP-001 WH-001
    '00000000-0000-0000-0002-000000000004',  50.00, NOW(), NOW(), 'system', 'system', FALSE),  -- Item-4
  ('00000000-0000-0000-0007-000000000027',
    '00000000-0000-0000-0004-000000000002', '00000000-0000-0000-0005-000000000003',  -- SP-001 WH-002
    '00000000-0000-0000-0002-000000000004',  80.00, NOW(), NOW(), 'system', 'system', FALSE),  -- Item-4
  ('00000000-0000-0000-0007-000000000028',
    '00000000-0000-0000-0004-000000000004', '00000000-0000-0000-0005-000000000004',  -- SP-003 WH-003
    '00000000-0000-0000-0002-000000000004', 120.00, NOW(), NOW(), 'system', 'system', FALSE),  -- Item-4
  ('00000000-0000-0000-0007-000000000029',
    '00000000-0000-0000-0004-000000000005', '00000000-0000-0000-0005-000000000002',  -- SP-004 WH-001
    '00000000-0000-0000-0002-000000000004',  60.00, NOW(), NOW(), 'system', 'system', FALSE),  -- Item-4
  ('00000000-0000-0000-0007-000000000030',
    '00000000-0000-0000-0004-000000000005', '00000000-0000-0000-0005-000000000005',  -- SP-004 WH-004
    '00000000-0000-0000-0002-000000000004',  90.00, NOW(), NOW(), 'system', 'system', FALSE),  -- Item-4

  -- New Item-5 inventory
  ('00000000-0000-0000-0007-000000000031',
    '00000000-0000-0000-0004-000000000003', '00000000-0000-0000-0005-000000000002',  -- SP-002 WH-001
    '00000000-0000-0000-0002-000000000005', 100.00, NOW(), NOW(), 'system', 'system', FALSE),  -- Item-5
  ('00000000-0000-0000-0007-000000000032',
    '00000000-0000-0000-0004-000000000003', '00000000-0000-0000-0005-000000000004',  -- SP-002 WH-003
    '00000000-0000-0000-0002-000000000005', 150.00, NOW(), NOW(), 'system', 'system', FALSE),  -- Item-5
  ('00000000-0000-0000-0007-000000000033',
    '00000000-0000-0000-0004-000000000005', '00000000-0000-0000-0005-000000000003',  -- SP-004 WH-002
    '00000000-0000-0000-0002-000000000005',  80.00, NOW(), NOW(), 'system', 'system', FALSE),  -- Item-5
  ('00000000-0000-0000-0007-000000000034',
    '00000000-0000-0000-0004-000000000006', '00000000-0000-0000-0005-000000000002',  -- SP-005 WH-001
    '00000000-0000-0000-0002-000000000005', 200.00, NOW(), NOW(), 'system', 'system', FALSE),  -- Item-5
  ('00000000-0000-0000-0007-000000000035',
    '00000000-0000-0000-0004-000000000006', '00000000-0000-0000-0005-000000000005',  -- SP-005 WH-004
    '00000000-0000-0000-0002-000000000005', 250.00, NOW(), NOW(), 'system', 'system', FALSE),  -- Item-5

  -- Existing suppliers at new warehouses WH-003 / WH-004
  ('00000000-0000-0000-0007-000000000036',
    '00000000-0000-0000-0004-000000000002', '00000000-0000-0000-0005-000000000004',  -- SP-001 WH-003
    '00000000-0000-0000-0002-000000000001', 300.00, NOW(), NOW(), 'system', 'system', FALSE),  -- Item-1
  ('00000000-0000-0000-0007-000000000037',
    '00000000-0000-0000-0004-000000000003', '00000000-0000-0000-0005-000000000005',  -- SP-002 WH-004
    '00000000-0000-0000-0002-000000000001', 180.00, NOW(), NOW(), 'system', 'system', FALSE),  -- Item-1
  ('00000000-0000-0000-0007-000000000038',
    '00000000-0000-0000-0004-000000000002', '00000000-0000-0000-0005-000000000005',  -- SP-001 WH-004
    '00000000-0000-0000-0002-000000000002',  90.00, NOW(), NOW(), 'system', 'system', FALSE),  -- Item-2
  ('00000000-0000-0000-0007-000000000039',
    '00000000-0000-0000-0004-000000000003', '00000000-0000-0000-0005-000000000004',  -- SP-002 WH-003
    '00000000-0000-0000-0002-000000000002', 100.00, NOW(), NOW(), 'system', 'system', FALSE);  -- Item-2

-- ---- orders (new headers) -------------------------------------------
INSERT INTO orders (id, code, customer_id, remark, created_at) VALUES
  ('00000000-0000-0000-0008-000000000003', 'ORDER-0003',
    '00000000-0000-0000-0003-000000000001', 'Routine daily batch',        '2025-06-01'),
  ('00000000-0000-0000-0008-000000000004', 'ORDER-0004',
    '00000000-0000-0000-0003-000000000003', 'Wholesale bulk purchase',    '2025-07-15'),
  ('00000000-0000-0000-0008-000000000005', 'ORDER-0005',
    '00000000-0000-0000-0003-000000000004', NULL,                         '2025-08-10'),
  ('00000000-0000-0000-0008-000000000006', 'ORDER-0006',
    '00000000-0000-0000-0003-000000000002', 'VIP backlog clearance',      '2025-04-01'),
  ('00000000-0000-0000-0008-000000000007', 'ORDER-0007',
    '00000000-0000-0000-0003-000000000005', 'Export consignment Oct',     '2025-10-01'),
  ('00000000-0000-0000-0008-000000000008', 'ORDER-0008',
    '00000000-0000-0000-0003-000000000006', NULL,                         '2025-12-15'),
  ('00000000-0000-0000-0008-000000000009', 'ORDER-0009',
    '00000000-0000-0000-0003-000000000002', 'New year VIP order',         '2026-01-15'),
  ('00000000-0000-0000-0008-000000000010', 'ORDER-0010',
    '00000000-0000-0000-0003-000000000003', 'Q1 wholesale replenishment', '2026-03-01');

-- ---- sub_orders (new lines) -----------------------------------------
INSERT INTO sub_orders
  (id, code, order_id, item_id, warehouse_id, supplier_id, request_quantity, order_type_id, create_date, status)
VALUES
  -- ORDER-0003 (routine daily, mix of confirmed + pending)
  ('00000000-0000-0000-0009-000000000005', 'ORDER-0003-001',
    '00000000-0000-0000-0008-000000000003',
    '00000000-0000-0000-0002-000000000001',  -- Item-1
    '00000000-0000-0000-0005-000000000002',  -- WH-001
    '00000000-0000-0000-0004-000000000002',  -- SP-001
    25.00, '00000000-0000-0000-0001-000000000003', '2025-06-01', 'confirmed'),  -- DAILY

  ('00000000-0000-0000-0009-000000000006', 'ORDER-0003-002',
    '00000000-0000-0000-0008-000000000003',
    '00000000-0000-0000-0002-000000000002',  -- Item-2
    '00000000-0000-0000-0005-000000000003',  -- WH-002
    '00000000-0000-0000-0004-000000000001',  -- SP-000 (wildcard)
    15.00, '00000000-0000-0000-0001-000000000003', '2025-06-01', 'confirmed'),  -- DAILY

  ('00000000-0000-0000-0009-000000000007', 'ORDER-0003-003',
    '00000000-0000-0000-0008-000000000003',
    '00000000-0000-0000-0002-000000000003',  -- Item-3
    '00000000-0000-0000-0005-000000000002',  -- WH-001
    '00000000-0000-0000-0004-000000000001',  -- SP-000 (wildcard)
    50.00, '00000000-0000-0000-0001-000000000003', '2025-06-01', 'pending'),    -- DAILY

  -- ORDER-0004 (wholesale bulk, all pending)
  ('00000000-0000-0000-0009-000000000008', 'ORDER-0004-001',
    '00000000-0000-0000-0008-000000000004',
    '00000000-0000-0000-0002-000000000001',  -- Item-1
    '00000000-0000-0000-0005-000000000001',  -- WH-000 (wildcard)
    '00000000-0000-0000-0004-000000000004',  -- SP-003
    400.00, '00000000-0000-0000-0001-000000000003', '2025-07-15', 'pending'),   -- DAILY

  ('00000000-0000-0000-0009-000000000009', 'ORDER-0004-002',
    '00000000-0000-0000-0008-000000000004',
    '00000000-0000-0000-0002-000000000003',  -- Item-3
    '00000000-0000-0000-0005-000000000004',  -- WH-003
    '00000000-0000-0000-0004-000000000002',  -- SP-001
    200.00, '00000000-0000-0000-0001-000000000003', '2025-07-15', 'pending'),   -- DAILY

  ('00000000-0000-0000-0009-000000000010', 'ORDER-0004-003',
    '00000000-0000-0000-0008-000000000004',
    '00000000-0000-0000-0002-000000000004',  -- Item-4
    '00000000-0000-0000-0005-000000000001',  -- WH-000 (wildcard)
    '00000000-0000-0000-0004-000000000001',  -- SP-000 (wildcard)
    100.00, '00000000-0000-0000-0001-000000000002', '2025-07-15', 'pending'),   -- OVER_DUE

  ('00000000-0000-0000-0009-000000000011', 'ORDER-0004-004',
    '00000000-0000-0000-0008-000000000004',
    '00000000-0000-0000-0002-000000000005',  -- Item-5
    '00000000-0000-0000-0005-000000000002',  -- WH-001
    '00000000-0000-0000-0004-000000000003',  -- SP-002
    80.00, '00000000-0000-0000-0001-000000000003', '2025-07-15', 'pending'),    -- DAILY

  -- ORDER-0005 (restaurant, confirmed)
  ('00000000-0000-0000-0009-000000000012', 'ORDER-0005-001',
    '00000000-0000-0000-0008-000000000005',
    '00000000-0000-0000-0002-000000000004',  -- Item-4
    '00000000-0000-0000-0005-000000000002',  -- WH-001
    '00000000-0000-0000-0004-000000000002',  -- SP-001
    30.00, '00000000-0000-0000-0001-000000000003', '2025-08-10', 'confirmed'),  -- DAILY

  ('00000000-0000-0000-0009-000000000013', 'ORDER-0005-002',
    '00000000-0000-0000-0008-000000000005',
    '00000000-0000-0000-0002-000000000005',  -- Item-5
    '00000000-0000-0000-0005-000000000003',  -- WH-002
    '00000000-0000-0000-0004-000000000005',  -- SP-004
    25.00, '00000000-0000-0000-0001-000000000003', '2025-08-10', 'confirmed'),  -- DAILY

  -- ORDER-0006 (VIP backlog, overdue)
  ('00000000-0000-0000-0009-000000000014', 'ORDER-0006-001',
    '00000000-0000-0000-0008-000000000006',
    '00000000-0000-0000-0002-000000000001',  -- Item-1
    '00000000-0000-0000-0005-000000000003',  -- WH-002
    '00000000-0000-0000-0004-000000000003',  -- SP-002
    50.00, '00000000-0000-0000-0001-000000000002', '2025-04-01', 'pending'),    -- OVER_DUE

  ('00000000-0000-0000-0009-000000000015', 'ORDER-0006-002',
    '00000000-0000-0000-0008-000000000006',
    '00000000-0000-0000-0002-000000000002',  -- Item-2
    '00000000-0000-0000-0005-000000000001',  -- WH-000 (wildcard)
    '00000000-0000-0000-0004-000000000001',  -- SP-000 (wildcard)
    100.00, '00000000-0000-0000-0001-000000000002', '2025-04-01', 'pending'),   -- OVER_DUE

  -- ORDER-0007 (export, emergency large)
  ('00000000-0000-0000-0009-000000000016', 'ORDER-0007-001',
    '00000000-0000-0000-0008-000000000007',
    '00000000-0000-0000-0002-000000000001',  -- Item-1
    '00000000-0000-0000-0005-000000000001',  -- WH-000 (wildcard)
    '00000000-0000-0000-0004-000000000001',  -- SP-000 (wildcard)
    500.00, '00000000-0000-0000-0001-000000000001', '2025-10-01', 'pending'),   -- EMERGENCY

  ('00000000-0000-0000-0009-000000000017', 'ORDER-0007-002',
    '00000000-0000-0000-0008-000000000007',
    '00000000-0000-0000-0002-000000000003',  -- Item-3
    '00000000-0000-0000-0005-000000000001',  -- WH-000 (wildcard)
    '00000000-0000-0000-0004-000000000001',  -- SP-000 (wildcard)
    300.00, '00000000-0000-0000-0001-000000000001', '2025-10-01', 'pending'),   -- EMERGENCY

  ('00000000-0000-0000-0009-000000000018', 'ORDER-0007-003',
    '00000000-0000-0000-0008-000000000007',
    '00000000-0000-0000-0002-000000000005',  -- Item-5
    '00000000-0000-0000-0005-000000000001',  -- WH-000 (wildcard)
    '00000000-0000-0000-0004-000000000001',  -- SP-000 (wildcard)
    150.00, '00000000-0000-0000-0001-000000000001', '2025-10-01', 'pending'),   -- EMERGENCY

  -- ORDER-0008 (retail, completed)
  ('00000000-0000-0000-0009-000000000019', 'ORDER-0008-001',
    '00000000-0000-0000-0008-000000000008',
    '00000000-0000-0000-0002-000000000002',  -- Item-2
    '00000000-0000-0000-0005-000000000002',  -- WH-001
    '00000000-0000-0000-0004-000000000002',  -- SP-001
    10.00, '00000000-0000-0000-0001-000000000003', '2025-12-15', 'completed'),  -- DAILY

  ('00000000-0000-0000-0009-000000000020', 'ORDER-0008-002',
    '00000000-0000-0000-0008-000000000008',
    '00000000-0000-0000-0002-000000000003',  -- Item-3
    '00000000-0000-0000-0005-000000000003',  -- WH-002
    '00000000-0000-0000-0004-000000000003',  -- SP-002
    20.00, '00000000-0000-0000-0001-000000000003', '2025-12-15', 'completed'),  -- DAILY

  -- ORDER-0009 (VIP new year, pending)
  ('00000000-0000-0000-0009-000000000021', 'ORDER-0009-001',
    '00000000-0000-0000-0008-000000000009',
    '00000000-0000-0000-0002-000000000001',  -- Item-1
    '00000000-0000-0000-0005-000000000001',  -- WH-000 (wildcard)
    '00000000-0000-0000-0004-000000000001',  -- SP-000 (wildcard)
    75.00, '00000000-0000-0000-0001-000000000003', '2026-01-15', 'pending'),    -- DAILY

  ('00000000-0000-0000-0009-000000000022', 'ORDER-0009-002',
    '00000000-0000-0000-0008-000000000009',
    '00000000-0000-0000-0002-000000000004',  -- Item-4
    '00000000-0000-0000-0005-000000000001',  -- WH-000 (wildcard)
    '00000000-0000-0000-0004-000000000001',  -- SP-000 (wildcard)
    40.00, '00000000-0000-0000-0001-000000000001', '2026-01-15', 'pending'),    -- EMERGENCY

  -- ORDER-0010 (wholesale Q1 replenishment, pending)
  ('00000000-0000-0000-0009-000000000023', 'ORDER-0010-001',
    '00000000-0000-0000-0008-000000000010',
    '00000000-0000-0000-0002-000000000001',  -- Item-1
    '00000000-0000-0000-0005-000000000004',  -- WH-003
    '00000000-0000-0000-0004-000000000004',  -- SP-003
    500.00, '00000000-0000-0000-0001-000000000002', '2026-03-01', 'pending'),   -- OVER_DUE

  ('00000000-0000-0000-0009-000000000024', 'ORDER-0010-002',
    '00000000-0000-0000-0008-000000000010',
    '00000000-0000-0000-0002-000000000003',  -- Item-3
    '00000000-0000-0000-0005-000000000001',  -- WH-000 (wildcard)
    '00000000-0000-0000-0004-000000000004',  -- SP-003
    300.00, '00000000-0000-0000-0001-000000000002', '2026-03-01', 'pending'),   -- OVER_DUE

  ('00000000-0000-0000-0009-000000000025', 'ORDER-0010-003',
    '00000000-0000-0000-0008-000000000010',
    '00000000-0000-0000-0002-000000000005',  -- Item-5
    '00000000-0000-0000-0005-000000000005',  -- WH-004
    '00000000-0000-0000-0004-000000000006',  -- SP-005
    200.00, '00000000-0000-0000-0001-000000000002', '2026-03-01', 'pending');   -- OVER_DUE

-- ---- allocations (sample output for confirmed/completed sub_orders) --
-- Prices applied = base_price * order_type.percentage / 100
--   DAILY (90%): Item-1/SP-001=89.78  Item-2/SP-001=76.50  Item-2/SP-002=81.00
--                Item-3/SP-002=70.20  Item-4/SP-001=135.00 Item-5/SP-004=175.50
INSERT INTO allocations
  (id, sub_order_id, inventory_id, allocated_quantity, unit_price, total_price, method)
VALUES
  -- ORDER-0003-001 confirmed: Item-1 / WH-001 / SP-001 / 25 kg / DAILY
  ('00000000-0000-0000-0010-000000000001',
    '00000000-0000-0000-0009-000000000005',   -- ORDER-0003-001
    '00000000-0000-0000-0007-000000000001',   -- SP-001/WH-001/Item-1
    25.00, 89.78, 2244.50, 'auto'),

  -- ORDER-0003-002 confirmed: Item-2 / WH-002 / SP-000 resolved to SP-002 (highest stock) / 15 kg / DAILY
  ('00000000-0000-0000-0010-000000000002',
    '00000000-0000-0000-0009-000000000006',   -- ORDER-0003-002
    '00000000-0000-0000-0007-000000000008',   -- SP-002/WH-002/Item-2 (80 kg, highest in WH-002)
    15.00, 81.00, 1215.00, 'auto'),

  -- ORDER-0005-001 confirmed: Item-4 / WH-001 / SP-001 / 30 kg / DAILY
  ('00000000-0000-0000-0010-000000000003',
    '00000000-0000-0000-0009-000000000012',   -- ORDER-0005-001
    '00000000-0000-0000-0007-000000000026',   -- SP-001/WH-001/Item-4
    30.00, 135.00, 4050.00, 'auto'),

  -- ORDER-0005-002 confirmed: Item-5 / WH-002 / SP-004 / 25 kg / DAILY
  ('00000000-0000-0000-0010-000000000004',
    '00000000-0000-0000-0009-000000000013',   -- ORDER-0005-002
    '00000000-0000-0000-0007-000000000033',   -- SP-004/WH-002/Item-5
    25.00, 175.50, 4387.50, 'auto'),

  -- ORDER-0008-001 completed: Item-2 / WH-001 / SP-001 / 10 kg / DAILY
  ('00000000-0000-0000-0010-000000000005',
    '00000000-0000-0000-0009-000000000019',   -- ORDER-0008-001
    '00000000-0000-0000-0007-000000000005',   -- SP-001/WH-001/Item-2
    10.00, 76.50, 765.00, 'auto'),

  -- ORDER-0008-002 completed: Item-3 / WH-002 / SP-002 / 20 kg / DAILY
  ('00000000-0000-0000-0010-000000000006',
    '00000000-0000-0000-0009-000000000020',   -- ORDER-0008-002
    '00000000-0000-0000-0007-000000000022',   -- SP-002/WH-002/Item-3
    20.00, 70.20, 1404.00, 'auto');

COMMIT;
